hexsha,description,error_message,target,predicate,generalized_target,generalized_predicate,generalization_status,similar_target_count,similar_target_list,target_descriptions,similarity_scores,input_tokens,output_tokens,total_tokens
07161b2416f7,"sr9800: Add check for usbnet_get_endpoints

Add check for usbnet_get_endpoints() and return the error if it fails
in order to transfer the error.",,A call to function usbnet_get_endpoints,The return value must be checked for errors and propagated if the function fails.,function that may fail during initialization,The return value must be checked for errors and properly propagated to the caller when the function fails.,completed,0,[],{},{},,,
b505063910c1,"powerpc/iommu: fix memory leak with using debugfs_lookup()

When calling debugfs_lookup() the result must have dput() called on it,
otherwise the memory will leak over time.  To make things simpler, just
call debugfs_lookup_and_remove() instead which handles all of the logic
at once.",,A call to function debugfs_lookup that returns a dentry pointer,"The returned dentry must have dput() called on it to prevent memory leak, or debugfs_lookup_and_remove() should be used instead",function that Return a reference requiring explicit cleanup,The returned reference must have its corresponding cleanup function called to prevent resource leak,completed,0,[],{},{},938,217,1155
a508e33956b5,"ipmi:ipmb: Fix refcount leak in ipmi_ipmb_probe

of_parse_phandle() returns a node pointer with refcount
incremented, we should use of_node_put() on it when done.
Add missing of_node_put() to avoid refcount leak.",,A call to function of_parse_phandle that returns a device node pointer with incremented refcount.,The returned device node pointer must be released with of_node_put() when done to avoid refcount leak.,function that returns an object with incremented reference count,The returned object must be released with the corresponding decrement function when no longer needed to avoid reference count leak,completed,0,[],{},{},2146,243,2389
e3862093ee93,"net: dsa: bcm_sf2: Fix a possible memory leak in bcm_sf2_mdio_register()

bcm_sf2_mdio_register() calls of_phy_find_device() and then
phy_device_remove() in a loop to remove existing PHY devices.
of_phy_find_device() eventually calls bus_find_device(), which calls
get_device() on the returned struct device * to increment the refcount.
The current implementation does not decrement the refcount, which causes
memory leak.

This commit adds the missing phy_device_free() call to decrement the
refcount via put_device() to balance the refcount.",,A call to of_phy_find_device() followed by phy_device_remove().,The returned phy_device must be freed with phy_device_free() to balance the refcount.,Function that acquires a reference-counted device object,"When the device object is no longer needed, its reference count must be decremented by calling the appropriate release function",completed,54,"[""get_device"", ""xe_pm_runtime_get_if_in_use"", ""iio_device_get"", ""gpio_device_get"", ""put_device"", ""dvb_device_get"", ""usb_get_urb"", ""of_node_get"", ""drm_mode_object_get"", ""of_count_phandle_with_args"", ""driver_find_device"", ""drm_syncobj_get"", ""device_find_child"", ""usb_core_usb_get_dev"", ""of_device_is_available"", ""pm_runtime_get_if_in_use"", ""netdev_get_by_index"", ""device_for_each_child"", ""pci_get_device"", ""class_for_each_device"", ""pci_get_subsys"", ""starget_for_each_device"", ""class_find_device"", ""bus_find_device"", ""drm_dev_get"", ""component_match_add"", ""ssam_device_get"", ""rcuref_read"", ""component_match_add_typed"", ""usb_core_usb_get_intf"", ""class_find_device_by_name"", ""gpio_device_put"", ""counter_priv"", ""i3c_device_match_id"", ""kobject_get"", ""class_find_device_by_fwnode"", ""iio_device_put"", ""of_platform_populate"", ""driver_find_device_by_name"", ""nvmem_device_find"", ""fwnode_phy_find_device"", ""pci_get_base_class"", ""bus_find_device_by_name"", ""driver_for_each_device"", ""device_find_child_by_name"", ""dmi_find_device"", ""backlight_device_get_by_name"", ""usb_core_usb_for_each_dev"", ""xe_pm_runtime_get"", ""netdev_get_by_name"", ""iio_device_set_parent"", ""__starget_for_each_device"", ""device_for_each_child_reverse_from"", ""of_slim_get_device""]","{""get_device"": ""struct device * get_device ( struct device * dev ) increment reference count for device."", ""xe_pm_runtime_get_if_in_use"": ""bool xe_pm_runtime_get_if_in_use ( struct xe_device * xe ) Get a new reference if device is active with previous ref taken"", ""iio_device_get"": ""struct iio_dev * iio_device_get ( struct iio_dev * indio_dev ) increment reference count for the device"", ""gpio_device_get"": ""struct gpio_device * gpio_device_get ( struct gpio_device * gdev ) Increase the reference count of this GPIO device"", ""put_device"": ""void put_device ( struct device * dev ) decrement reference count."", ""dvb_device_get"": ""struct dvb_device * dvb_device_get ( struct dvb_device * dvbdev ) Increase dvb_device reference"", ""usb_get_urb"": ""struct urb * usb_get_urb ( struct urb * urb ) increments the reference count of the urb"", ""of_node_get"": ""struct device_node * of_node_get ( struct device_node * node ) Increment refcount of a node"", ""drm_mode_object_get"": ""void drm_mode_object_get ( struct drm_mode_object * obj ) acquire a mode object reference"", ""of_count_phandle_with_args"": ""int of_count_phandle_with_args ( const struct device_node * np , const char * list_name , const char * cells_name ) Find the number of phandles references in a property"", ""driver_find_device"": ""struct device * driver_find_device ( const struct device_driver * drv , struct device * start , const void * data , device_match_t match ) device iterator for locating a particular device."", ""drm_syncobj_get"": ""void drm_syncobj_get ( struct drm_syncobj * obj ) acquire a syncobj reference"", ""device_find_child"": ""struct device * device_find_child ( struct device * parent , const void * data , device_match_t match ) device iterator for locating a particular device."", ""usb_core_usb_get_dev"": ""struct usb_device * usb_get_dev ( struct usb_device * dev ) increments the reference count of the usb device structure"", ""of_device_is_available"": ""bool of_device_is_available ( const struct device_node * device ) check if a device is available for use"", ""pm_runtime_get_if_in_use"": ""int pm_runtime_get_if_in_use ( struct device * dev ) ;"", ""netdev_get_by_index"": ""struct net_device * netdev_get_by_index ( struct net * net , int ifindex , netdevice_tracker * tracker , gfp_t gfp ) find a device by its ifindex"", ""device_for_each_child"": ""int device_for_each_child ( struct device * parent , void * data , device_iter_t fn ) device child iterator."", ""pci_get_device"": ""Description Iterates through the list of known PCI devices.  If a PCI device is"", ""class_for_each_device"": ""int class_for_each_device ( const struct class * class , const struct device * start , void * data , device_iter_t fn ) device iterator"", ""pci_get_subsys"": ""Description Iterates through the list of known PCI devices.  If a PCI device is found"", ""starget_for_each_device"": ""void starget_for_each_device ( struct scsi_target * starget , void * data , void ( * fn ) ( struct scsi_device * , void * ) ) helper to walk all devices of a target"", ""class_find_device"": ""struct device * class_find_device ( const struct class * class , const struct device * start , const void * data , device_match_t match ) device iterator for locating a particular device"", ""bus_find_device"": ""struct device * bus_find_device ( const struct bus_type * bus , struct device * start , const void * data , device_match_t match ) device iterator for locating a particular device."", ""drm_dev_get"": ""void drm_dev_get ( struct drm_device * dev ) Take reference of a DRM device"", ""component_match_add"": ""void component_match_add ( struct device * parent , struct component_match * * matchptr , int ( * compare ) ( struct device * , void * ) , void * compare_data ) add a component match entry"", ""ssam_device_get"": ""struct ssam_device * ssam_device_get ( struct ssam_device * sdev ) Increment reference count of SSAM client device."", ""rcuref_read"": ""unsigned int rcuref_read ( rcuref_t * ref ) Read the number of held reference counts of a rcuref"", ""component_match_add_typed"": ""void component_match_add_typed ( struct device * parent , struct component_match * * matchptr , int ( * compare_typed ) ( struct device * , int , void * ) , void * compare_data ) add a component ma..."", ""usb_core_usb_get_intf"": ""struct usb_interface * usb_get_intf ( struct usb_interface * intf ) increments the reference count of the usb interface structure"", ""class_find_device_by_name"": ""struct device * class_find_device_by_name ( const struct class * class , const char * name ) device iterator for locating a particular device of a specific name."", ""gpio_device_put"": ""void gpio_device_put ( struct gpio_device * gdev ) Decrease the reference count of this GPIO device and possibly free all resources associated with it."", ""counter_priv"": ""void * counter_priv ( const struct counter_device * const counter ) access counter device private data"", ""i3c_device_match_id"": ""const struct i3c_device_id * i3c_device_match_id ( struct i3c_device * i3cdev , const struct i3c_device_id * id_table ) Returns the i3c_device_id entry matching i3cdev"", ""kobject_get"": ""struct kobject * kobject_get ( struct kobject * kobj ) Increment refcount for object."", ""class_find_device_by_fwnode"": ""struct device * class_find_device_by_fwnode ( const struct class * class , const struct fwnode_handle * fwnode ) device iterator for locating a particular device matching the fwnode."", ""iio_device_put"": ""void iio_device_put ( struct iio_dev * indio_dev ) reference counted deallocation of struct device"", ""of_platform_populate"": ""int of_platform_populate ( struct device_node * root , const struct of_device_id * matches , const struct of_dev_auxdata * lookup , struct device * parent ) Populate platform_devices from device tr..."", ""driver_find_device_by_name"": ""struct device * driver_find_device_by_name ( const struct device_driver * drv , const char * name ) device iterator for locating a particular device of a specific name."", ""nvmem_device_find"": ""struct nvmem_device * nvmem_device_find ( void * data , int ( * match ) ( struct device * dev , const void * data ) ) Find nvmem device with matching function"", ""fwnode_phy_find_device"": ""struct phy_device * fwnode_phy_find_device ( struct fwnode_handle * phy_fwnode ) For provided phy_fwnode, find phy_device."", ""pci_get_base_class"": ""Description Iterates through the list of known PCI devices. If a PCI device is found"", ""bus_find_device_by_name"": ""struct device * bus_find_device_by_name ( const struct bus_type * bus , struct device * start , const char * name ) device iterator for locating a particular device of a specific name."", ""driver_for_each_device"": ""int driver_for_each_device ( struct device_driver * drv , struct device * start , void * data , device_iter_t fn ) Iterator for devices bound to a driver."", ""device_find_child_by_name"": ""struct device * device_find_child_by_name ( struct device * parent , const char * name ) device iterator for locating a child device."", ""dmi_find_device"": ""const struct dmi_device * dmi_find_device ( int type , const char * name , const struct dmi_device * from ) find onboard device by type/name"", ""backlight_device_get_by_name"": ""struct backlight_device * backlight_device_get_by_name ( const char * name ) Get backlight device by name"", ""usb_core_usb_for_each_dev"": ""int usb_for_each_dev ( void * data , int ( * fn ) ( struct usb_device * , void * ) ) iterate over all USB devices in the system"", ""xe_pm_runtime_get"": ""void xe_pm_runtime_get ( struct xe_device * xe ) Get a runtime_pm reference and resume synchronously"", ""netdev_get_by_name"": ""struct net_device * netdev_get_by_name ( struct net * net , const char * name , netdevice_tracker * tracker , gfp_t gfp ) find a device by its name"", ""iio_device_set_parent"": ""void iio_device_set_parent ( struct iio_dev * indio_dev , struct device * parent ) assign parent device to the IIO device object"", ""__starget_for_each_device"": ""void __starget_for_each_device ( struct scsi_target * starget , void * data , void ( * fn ) ( struct scsi_device * , void * ) ) helper to walk all devices of a target (UNLOCKED)"", ""device_for_each_child_reverse_from"": ""int device_for_each_child_reverse_from ( struct device * parent , struct device * from , void * data , device_iter_t fn ) device child iterator in reversed order."", ""of_slim_get_device"": ""struct slim_device * of_slim_get_device ( struct slim_controller * ctrl , struct device_node * np ) get handle to a device using dt node.""}","{""get_device"": 0.5019923150539398, ""xe_pm_runtime_get_if_in_use"": 0.4728456735610962, ""iio_device_get"": 0.463665246963501, ""gpio_device_get"": 0.43649452924728394, ""put_device"": 0.4347487688064575, ""dvb_device_get"": 0.4182546138763428, ""usb_get_urb"": 0.4173157215118408, ""of_node_get"": 0.41588491201400757, ""drm_mode_object_get"": 0.4156450033187866, ""of_count_phandle_with_args"": 0.4044024348258972, ""driver_find_device"": 0.40266847610473633, ""drm_syncobj_get"": 0.39959967136383057, ""device_find_child"": 0.3987700939178467, ""usb_core_usb_get_dev"": 0.39237940311431885, ""of_device_is_available"": 0.3860921859741211, ""pm_runtime_get_if_in_use"": 0.38441622257232666, ""netdev_get_by_index"": 0.37749630212783813, ""device_for_each_child"": 0.3769807815551758, ""pci_get_device"": 0.376589298248291, ""class_for_each_device"": 0.374855637550354, ""pci_get_subsys"": 0.37369757890701294, ""starget_for_each_device"": 0.3716388940811157, ""class_find_device"": 0.3712582588195801, ""bus_find_device"": 0.3695325255393982, ""drm_dev_get"": 0.3695172071456909, ""component_match_add"": 0.3691670894622803, ""ssam_device_get"": 0.3675415515899658, ""rcuref_read"": 0.36640191078186035, ""component_match_add_typed"": 0.3658899664878845, ""usb_core_usb_get_intf"": 0.36500513553619385, ""class_find_device_by_name"": 0.36398816108703613, ""gpio_device_put"": 0.36338186264038086, ""counter_priv"": 0.3627592921257019, ""i3c_device_match_id"": 0.3624138832092285, ""kobject_get"": 0.36240291595458984, ""class_find_device_by_fwnode"": 0.36185193061828613, ""iio_device_put"": 0.361804723739624, ""of_platform_populate"": 0.36141252517700195, ""driver_find_device_by_name"": 0.3602733612060547, ""nvmem_device_find"": 0.3597548007965088, ""fwnode_phy_find_device"": 0.3594357967376709, ""pci_get_base_class"": 0.3592371940612793, ""bus_find_device_by_name"": 0.3591344356536865, ""driver_for_each_device"": 0.3585470914840698, ""device_find_child_by_name"": 0.3583204746246338, ""dmi_find_device"": 0.35797083377838135, ""backlight_device_get_by_name"": 0.35713303089141846, ""usb_core_usb_for_each_dev"": 0.3568674921989441, ""xe_pm_runtime_get"": 0.3565037250518799, ""netdev_get_by_name"": 0.3559166193008423, ""iio_device_set_parent"": 0.35449063777923584, ""__starget_for_each_device"": 0.3509948253631592, ""device_for_each_child_reverse_from"": 0.35069406032562256, ""of_slim_get_device"": 0.3500325679779053}",,,
fa0308134d26,"ALSA: memalloc: prefer dma_mapping_error() over explicit address checking

With CONFIG_DMA_API_DEBUG enabled, the following warning is observed:

DMA-API: snd_hda_intel 0000:03:00.1: device driver failed to check map error[device address=0x00000000ffff0000] [size=20480 bytes] [mapped as single]
WARNING: CPU: 28 PID: 2255 at kernel/dma/debug.c:1036 check_unmap+0x1408/0x2430
CPU: 28 UID: 42 PID: 2255 Comm: wireplumber Tainted: G  W L  6.12.0-10-133577cad6bf48e5a7848c4338124081393bfe8a+ #759
debug_dma_unmap_page+0xe9/0xf0
snd_dma_wc_free+0x85/0x130 [snd_pcm]
snd_pcm_lib_free_pages+0x1e3/0x440 [snd_pcm]
snd_pcm_common_ioctl+0x1c9a/0x2960 [snd_pcm]
snd_pcm_ioctl+0x6a/0xc0 [snd_pcm]
...

Check for returned DMA addresses using specialized dma_mapping_error()
helper which is generally recommended for this purpose by
Documentation/core-api/dma-api.rst.",,A call to dma_map_single for DMA memory mapping,The returned DMA address must be checked using dma_mapping_error before being used.,function that performs DMA memory mapping,The returned DMA address must be checked using dma_mapping_error before being used or processed further.,completed,96,"[""dma_map_sgtable"", ""dma_mmap_attrs"", ""dma_map_sg_attrs"", ""ib_map_mr_sg"", ""drm_gem_dma_mmap"", ""dma_pool_create_node"", ""ib_map_mr_sg_pi"", ""amdgpu_vm_update_range"", ""dma_buf_vmap"", ""drm_gem_dma_vmap"", ""snd_dma_buffer_mmap"", ""drm_gem_dmabuf_mmap"", ""ib_umem_odp_map_dma_and_lock"", ""dmam_alloc_attrs"", ""drm_gem_ttm_vmap"", ""drm_gem_dmabuf_vmap"", ""device_iommu_mapped"", ""vm_map_ram"", ""dma_pool_alloc"", ""vm_unmap_ram"", ""drm_gem_dma_get_unmapped_area"", ""devm_memremap_pages"", ""drm_gem_shmem_mmap"", ""snd_dma_alloc_dir_pages"", ""drm_gem_dma_object_mmap"", ""usb_core_usb_alloc_coherent"", ""dma_buf_vunmap"", ""drm_vma_node_unmap"", ""dma_buf_vmap_unlocked"", ""drm_gem_mmap_obj"", ""drm_gem_dmabuf_vunmap"", ""drm_gem_ttm_vunmap"", ""drm_client_buffer_vmap"", ""dma_need_unmap"", ""of_iomap"", ""snd_dma_buffer_sync"", ""__skb_frag_dma_map"", ""drm_gem_map_attach"", ""dma_buf_unmap_attachment"", ""drm_gem_fb_vmap"", ""usb_core_usb_alloc_noncoherent"", ""drm_gem_map_detach"", ""drm_client_buffer_vmap_local"", ""rio_unmap_inb_region"", ""dma_buf_attach"", ""dma_buf_put"", ""drm_gem_shmem_prime_import_no_map"", ""drm_gem_map_dma_buf"", ""free_dma"", ""drm_gem_mmap"", ""scsi_dma_unmap"", ""vm_iomap_memory"", ""drm_gem_unmap_dma_buf"", ""dma_fence_put"", ""dma_buf_is_dynamic"", ""drm_gem_shmem_object_mmap"", ""amdgpu_dma_buf_map"", ""dmam_pool_destroy"", ""scsi_dma_map"", ""snd_dma_alloc_pages_fallback"", ""dma_buf_vunmap_unlocked"", ""request_dma"", ""drm_gem_dma_create"", ""drm_gem_vram_vmap"", ""dmam_pool_create"", ""dma_can_mmap"", ""drm_gem_dma_prime_import_sg_table_vmap"", ""drm_gpuvm_resv_add_fence"", ""dma_buf_mmap"", ""drm_dev_set_dma_dev"", ""dmam_free_coherent"", ""drm_client_buffer_vunmap"", ""snd_pcm_limit_isa_dma_size"", ""amdgpu_dma_buf_unmap"", ""amdgpu_dma_buf_move_notify"", ""drm_prime_sg_to_dma_addr_array"", ""dma_buf_unmap_attachment_unlocked"", ""snd_pcm_lib_mmap_iomem"", ""dma_buf_pin"", ""shmem_zero_setup"", ""vm_map_pages"", ""walk_iomem_res_desc"", ""drm_gpuvm_sm_map"", ""gen_pool_dma_alloc"", ""dma_fence_array_alloc"", ""dma_fence_array_create"", ""drm_vma_offset_manager_init"", ""snd_dmaengine_pcm_refine_runtime_hwparams"", ""do_mmap"", ""sg_dma_mark_bus_address"", ""vmap"", ""snd_pcm_set_managed_buffer_all"", ""unmap_mapping_range"", ""drm_gem_ttm_mmap"", ""drm_gem_prime_mmap"", ""snd_pcm_sgbuf_get_addr""]","{""dma_map_sgtable"": ""int dma_map_sgtable ( struct device * dev , struct sg_table * sgt , enum dma_data_direction dir , unsigned long attrs ) Map the given buffer for DMA"", ""dma_mmap_attrs"": ""Description Map a coherent DMA buffer previously allocated by dma_alloc_attrs into user"", ""dma_map_sg_attrs"": ""unsigned int dma_map_sg_attrs ( struct device * dev , struct scatterlist * sg , int nents , enum dma_data_direction dir , unsigned long attrs ) Map the given buffer for DMA"", ""ib_map_mr_sg"": ""int ib_map_mr_sg ( struct ib_mr * mr , struct scatterlist * sg , int sg_nents , unsigned int * sg_offset , unsigned int page_size ) Map the largest prefix of a dma mapped SG list and set it the mem..."", ""drm_gem_dma_mmap"": ""int drm_gem_dma_mmap ( struct drm_gem_dma_object * dma_obj , struct vm_area_struct * vma ) memory-map an exported DMA GEM object"", ""dma_pool_create_node"": ""Description Given one of these pools, dma_pool_alloc() may be used to allocate memory.  Such memory will all have coherent"", ""ib_map_mr_sg_pi"": ""int ib_map_mr_sg_pi ( struct ib_mr * mr , struct scatterlist * data_sg , int data_sg_nents , unsigned int * data_sg_offset , struct scatterlist * meta_sg , int meta_sg_nents , unsigned int * meta_s..."", ""amdgpu_vm_update_range"": ""ttm_resource to map dma_addr_t *pages_addr"", ""dma_buf_vmap"": ""int dma_buf_vmap ( struct dma_buf * dmabuf , struct iosys_map * map ) Create virtual mapping for the buffer object into kernel address space. Same restrictions as for vmap and friends apply."", ""drm_gem_dma_vmap"": ""int drm_gem_dma_vmap ( struct drm_gem_dma_object * dma_obj , struct iosys_map * map ) map a DMA GEM object into the kernel\u2019s virtual address space"", ""snd_dma_buffer_mmap"": ""int snd_dma_buffer_mmap ( struct snd_dma_buffer * dmab , struct vm_area_struct * area ) perform mmap of the given DMA buffer"", ""drm_gem_dmabuf_mmap"": ""int drm_gem_dmabuf_mmap ( struct dma_buf * dma_buf , struct vm_area_struct * vma ) dma_buf mmap implementation for GEM"", ""ib_umem_odp_map_dma_and_lock"": ""Description Maps the range passed in the argument to DMA addresses."", ""dmam_alloc_attrs"": ""void * dmam_alloc_attrs ( struct device * dev , size_t size , dma_addr_t * dma_handle , gfp_t gfp , unsigned long attrs ) Managed dma_alloc_attrs()"", ""drm_gem_ttm_vmap"": ""int drm_gem_ttm_vmap ( struct drm_gem_object * gem , struct iosys_map * map ) vmap ttm_buffer_object"", ""drm_gem_dmabuf_vmap"": ""int drm_gem_dmabuf_vmap ( struct dma_buf * dma_buf , struct iosys_map * map ) dma_buf vmap implementation for GEM"", ""device_iommu_mapped"": ""bool device_iommu_mapped ( struct device * dev ) Returns true when the device DMA is translated by an IOMMU"", ""vm_map_ram"": ""void * vm_map_ram ( struct page * * pages , unsigned int count , int node ) map pages linearly into kernel virtual address (vmalloc space)"", ""dma_pool_alloc"": ""void * dma_pool_alloc ( struct dma_pool * pool , gfp_t mem_flags , dma_addr_t * handle ) get a block of coherent memory"", ""vm_unmap_ram"": ""void vm_unmap_ram ( const void * mem , unsigned int count ) unmap linear kernel address space set up by vm_map_ram"", ""drm_gem_dma_get_unmapped_area"": ""unsigned long drm_gem_dma_get_unmapped_area ( struct file * filp , unsigned long addr , unsigned long len , unsigned long pgoff , unsigned long flags ) propose address for mapping in noMMU cases"", ""devm_memremap_pages"": ""void * devm_memremap_pages ( struct device * dev , struct dev_pagemap * pgmap ) remap and provide memmap backing for the given resource"", ""drm_gem_shmem_mmap"": ""int drm_gem_shmem_mmap ( struct drm_gem_shmem_object * shmem , struct vm_area_struct * vma ) Memory-map a shmem GEM object"", ""snd_dma_alloc_dir_pages"": ""int snd_dma_alloc_dir_pages ( int type , struct device * device , enum dma_data_direction dir , size_t size , struct snd_dma_buffer * dmab ) allocate the buffer area according to the given type and..."", ""drm_gem_dma_object_mmap"": ""int drm_gem_dma_object_mmap ( struct drm_gem_object * obj , struct vm_area_struct * vma ) GEM object function for drm_gem_dma_mmap()"", ""usb_core_usb_alloc_coherent"": ""void * usb_alloc_coherent ( struct usb_device * dev , size_t size , gfp_t mem_flags , dma_addr_t * dma ) allocate dma-consistent buffer for URB_NO_xxx_DMA_MAP"", ""dma_buf_vunmap"": ""void dma_buf_vunmap ( struct dma_buf * dmabuf , struct iosys_map * map ) Unmap a vmap obtained by dma_buf_vmap."", ""drm_vma_node_unmap"": ""void drm_vma_node_unmap ( struct drm_vma_offset_node * node , struct address_space * file_mapping ) Unmap offset node"", ""dma_buf_vmap_unlocked"": ""int dma_buf_vmap_unlocked ( struct dma_buf * dmabuf , struct iosys_map * map ) Create virtual mapping for the buffer object into kernel address space. Same restrictions as for vmap and friends apply."", ""drm_gem_mmap_obj"": ""int drm_gem_mmap_obj ( struct drm_gem_object * obj , unsigned long obj_size , struct vm_area_struct * vma ) memory map a GEM object"", ""drm_gem_dmabuf_vunmap"": ""void drm_gem_dmabuf_vunmap ( struct dma_buf * dma_buf , struct iosys_map * map ) dma_buf vunmap implementation for GEM"", ""drm_gem_ttm_vunmap"": ""void drm_gem_ttm_vunmap ( struct drm_gem_object * gem , struct iosys_map * map ) vunmap ttm_buffer_object"", ""drm_client_buffer_vmap"": ""int drm_client_buffer_vmap ( struct drm_client_buffer * buffer , struct iosys_map * map_copy ) Map DRM client buffer into address space"", ""dma_need_unmap"": ""bool dma_need_unmap ( struct device * dev ) does this device need dma_unmap_* operations"", ""of_iomap"": ""void __iomem * of_iomap ( struct device_node * np , int index ) Maps the memory mapped IO for a given device_node"", ""snd_dma_buffer_sync"": ""void snd_dma_buffer_sync ( struct snd_dma_buffer * dmab , enum snd_dma_sync_mode mode ) sync DMA buffer between CPU and device"", ""__skb_frag_dma_map"": ""dma_addr_t __skb_frag_dma_map ( struct device * dev , const skb_frag_t * frag , size_t offset , size_t size , enum dma_data_direction dir ) maps a paged fragment via the DMA API"", ""drm_gem_map_attach"": ""int drm_gem_map_attach ( struct dma_buf * dma_buf , struct dma_buf_attachment * attach ) dma_buf attach implementation for GEM"", ""dma_buf_unmap_attachment"": ""void dma_buf_unmap_attachment ( struct dma_buf_attachment * attach , struct sg_table * sg_table , enum dma_data_direction direction ) unmaps and decreases usecount of the buffer;might deallocate th..."", ""drm_gem_fb_vmap"": ""int drm_gem_fb_vmap ( struct drm_framebuffer * fb , struct iosys_map * map , struct iosys_map * data ) maps all framebuffer BOs into kernel address space"", ""usb_core_usb_alloc_noncoherent"": ""void * usb_alloc_noncoherent ( struct usb_device * dev , size_t size , gfp_t mem_flags , dma_addr_t * dma , enum dma_data_direction dir , struct sg_table * * table ) allocate dma-noncoherent buffer..."", ""drm_gem_map_detach"": ""void drm_gem_map_detach ( struct dma_buf * dma_buf , struct dma_buf_attachment * attach ) dma_buf detach implementation for GEM"", ""drm_client_buffer_vmap_local"": ""int drm_client_buffer_vmap_local ( struct drm_client_buffer * buffer , struct iosys_map * map_copy ) Map DRM client buffer into address space"", ""rio_unmap_inb_region"": ""void rio_unmap_inb_region ( struct rio_mport * mport , dma_addr_t lstart ) Unmap the inbound memory region"", ""dma_buf_attach"": ""struct dma_buf_attachment * dma_buf_attach ( struct dma_buf * dmabuf , struct device * dev ) Wrapper for dma_buf_dynamic_attach"", ""dma_buf_put"": ""void dma_buf_put ( struct dma_buf * dmabuf ) decreases refcount of the buffer"", ""drm_gem_shmem_prime_import_no_map"": ""struct drm_gem_object * drm_gem_shmem_prime_import_no_map ( struct drm_device * dev , struct dma_buf * dma_buf ) Import dmabuf without mapping its sg_table"", ""drm_gem_map_dma_buf"": ""struct sg_table * drm_gem_map_dma_buf ( struct dma_buf_attachment * attach , enum dma_data_direction dir ) map_dma_buf implementation for GEM"", ""free_dma"": ""void free_dma ( unsigned int dmanr ) free a reserved system DMA channel"", ""drm_gem_mmap"": ""int drm_gem_mmap ( struct file * filp , struct vm_area_struct * vma ) memory map routine for GEM objects"", ""scsi_dma_unmap"": ""void scsi_dma_unmap ( struct scsi_cmnd * cmd ) unmap command\u2019s sg lists mapped by scsi_dma_map"", ""vm_iomap_memory"": ""int vm_iomap_memory ( struct vm_area_struct * vma , phys_addr_t start , unsigned long len ) remap memory to userspace"", ""drm_gem_unmap_dma_buf"": ""void drm_gem_unmap_dma_buf ( struct dma_buf_attachment * attach , struct sg_table * sgt , enum dma_data_direction dir ) unmap_dma_buf implementation for GEM"", ""dma_fence_put"": ""void dma_fence_put ( struct dma_fence * fence ) decreases refcount of the fence"", ""dma_buf_is_dynamic"": ""bool dma_buf_is_dynamic ( struct dma_buf * dmabuf ) check if a DMA-buf uses dynamic mappings."", ""drm_gem_shmem_object_mmap"": ""int drm_gem_shmem_object_mmap ( struct drm_gem_object * obj , struct vm_area_struct * vma ) GEM object function for drm_gem_shmem_mmap()"", ""amdgpu_dma_buf_map"": ""struct sg_table * amdgpu_dma_buf_map ( struct dma_buf_attachment * attach , enum dma_data_direction dir ) dma_buf_ops.map_dma_buf implementation"", ""dmam_pool_destroy"": ""void dmam_pool_destroy ( struct dma_pool * pool ) Managed dma_pool_destroy()"", ""scsi_dma_map"": ""int scsi_dma_map ( struct scsi_cmnd * cmd ) perform DMA mapping against command\u2019s sg lists"", ""snd_dma_alloc_pages_fallback"": ""int snd_dma_alloc_pages_fallback ( int type , struct device * device , size_t size , struct snd_dma_buffer * dmab ) allocate the buffer area according to the given type with fallback"", ""dma_buf_vunmap_unlocked"": ""void dma_buf_vunmap_unlocked ( struct dma_buf * dmabuf , struct iosys_map * map ) Unmap a vmap obtained by dma_buf_vmap."", ""request_dma"": ""int request_dma ( unsigned int dmanr , const char * device_id ) request and reserve a system DMA channel"", ""drm_gem_dma_create"": ""struct drm_gem_dma_object * drm_gem_dma_create ( struct drm_device * drm , size_t size ) allocate an object with the given size"", ""drm_gem_vram_vmap"": ""int drm_gem_vram_vmap ( struct drm_gem_vram_object * gbo , struct iosys_map * map ) Pins and maps a GEM VRAM object into kernel address space"", ""dmam_pool_create"": ""struct dma_pool * dmam_pool_create ( const char * name , struct device * dev , size_t size , size_t align , size_t allocation ) Managed dma_pool_create()"", ""dma_can_mmap"": ""bool dma_can_mmap ( struct device * dev ) check if a given device supports dma_mmap_*"", ""drm_gem_dma_prime_import_sg_table_vmap"": ""struct drm_gem_object * drm_gem_dma_prime_import_sg_table_vmap ( struct drm_device * dev , struct dma_buf_attachment * attach , struct sg_table * sgt ) PRIME import another driver\u2019s scatter/gather ..."", ""drm_gpuvm_resv_add_fence"": ""void drm_gpuvm_resv_add_fence ( struct drm_gpuvm * gpuvm , struct drm_exec * exec , struct dma_fence * fence , enum dma_resv_usage private_usage , enum dma_resv_usage extobj_usage ) add fence to pr..."", ""dma_buf_mmap"": ""int dma_buf_mmap ( struct dma_buf * dmabuf , struct vm_area_struct * vma , unsigned long pgoff ) Setup up a userspace mmap with the given vma"", ""drm_dev_set_dma_dev"": ""void drm_dev_set_dma_dev ( struct drm_device * dev , struct device * dma_dev ) set the DMA device for a DRM device"", ""dmam_free_coherent"": ""void dmam_free_coherent ( struct device * dev , size_t size , void * vaddr , dma_addr_t dma_handle ) Managed dma_free_coherent()"", ""drm_client_buffer_vunmap"": ""void drm_client_buffer_vunmap ( struct drm_client_buffer * buffer ) Unmap DRM client buffer"", ""snd_pcm_limit_isa_dma_size"": ""void snd_pcm_limit_isa_dma_size ( int dma , size_t * max ) Get the max size fitting with ISA DMA transfer"", ""amdgpu_dma_buf_unmap"": ""void amdgpu_dma_buf_unmap ( struct dma_buf_attachment * attach , struct sg_table * sgt , enum dma_data_direction dir ) dma_buf_ops.unmap_dma_buf implementation"", ""amdgpu_dma_buf_move_notify"": ""void amdgpu_dma_buf_move_notify ( struct dma_buf_attachment * attach ) attach.move_notify implementation"", ""drm_prime_sg_to_dma_addr_array"": ""int drm_prime_sg_to_dma_addr_array ( struct sg_table * sgt , dma_addr_t * addrs , int max_entries ) convert an sg table into a dma addr array"", ""dma_buf_unmap_attachment_unlocked"": ""void dma_buf_unmap_attachment_unlocked ( struct dma_buf_attachment * attach , struct sg_table * sg_table , enum dma_data_direction direction ) unmaps and decreases usecount of the buffer;might deal..."", ""snd_pcm_lib_mmap_iomem"": ""int snd_pcm_lib_mmap_iomem ( struct snd_pcm_substream * substream , struct vm_area_struct * area ) Default PCM data mmap function for I/O mem"", ""dma_buf_pin"": ""int dma_buf_pin ( struct dma_buf_attachment * attach ) Lock down the DMA-buf"", ""shmem_zero_setup"": ""int shmem_zero_setup ( struct vm_area_struct * vma ) setup a shared anonymous mapping"", ""vm_map_pages"": ""int vm_map_pages ( struct vm_area_struct * vma , struct page * * pages , unsigned long num ) maps range of kernel pages starts with non zero offset"", ""walk_iomem_res_desc"": ""int walk_iomem_res_desc ( unsigned long desc , unsigned long flags , u64 start , u64 end , void * arg , int ( * func ) ( struct resource * , void * ) ) Walks through iomem resources and calls func(..."", ""drm_gpuvm_sm_map"": ""int drm_gpuvm_sm_map ( struct drm_gpuvm * gpuvm , void * priv , u64 req_addr , u64 req_range , struct drm_gem_object * req_obj , u64 req_offset ) calls the drm_gpuva_op split/merge steps"", ""gen_pool_dma_alloc"": ""void * gen_pool_dma_alloc ( struct gen_pool * pool , size_t size , dma_addr_t * dma ) allocate special memory from the pool for DMA usage"", ""dma_fence_array_alloc"": ""struct dma_fence_array * dma_fence_array_alloc ( int num_fences ) Allocate a custom fence array"", ""dma_fence_array_create"": ""struct dma_fence_array * dma_fence_array_create ( int num_fences , struct dma_fence * * fences , u64 context , unsigned seqno , bool signal_on_any ) Create a custom fence array"", ""drm_vma_offset_manager_init"": ""void drm_vma_offset_manager_init ( struct drm_vma_offset_manager * mgr , unsigned long page_offset , unsigned long size ) Initialize new offset-manager"", ""snd_dmaengine_pcm_refine_runtime_hwparams"": ""int snd_dmaengine_pcm_refine_runtime_hwparams ( struct snd_pcm_substream * substream , struct snd_dmaengine_dai_dma_data * dma_data , struct snd_pcm_hardware * hw , struct dma_chan * chan ) Refine ..."", ""do_mmap"": ""unsigned long do_mmap ( struct file * file , unsigned long addr , unsigned long len , unsigned long prot , unsigned long flags , vm_flags_t vm_flags , unsigned long pgoff , unsigned long * populate..."", ""sg_dma_mark_bus_address"": ""void sg_dma_mark_bus_address ( struct scatterlist * sg ) Mark the scatterlist entry as a bus address"", ""vmap"": ""void * vmap ( struct page * * pages , unsigned int count , unsigned long flags , pgprot_t prot ) map an array of pages into virtually contiguous space"", ""snd_pcm_set_managed_buffer_all"": ""int snd_pcm_set_managed_buffer_all ( struct snd_pcm * pcm , int type , struct device * data , size_t size , size_t max ) set up buffer management for all substreams for all substreams"", ""unmap_mapping_range"": ""void unmap_mapping_range ( struct address_space * mapping , loff_t const holebegin , loff_t const holelen , int even_cows ) unmap the portion of all mmaps in the specified address_space correspondi..."", ""drm_gem_ttm_mmap"": ""int drm_gem_ttm_mmap ( struct drm_gem_object * gem , struct vm_area_struct * vma ) mmap ttm_buffer_object"", ""drm_gem_prime_mmap"": ""int drm_gem_prime_mmap ( struct drm_gem_object * obj , struct vm_area_struct * vma ) PRIME mmap function for GEM drivers"", ""snd_pcm_sgbuf_get_addr"": ""dma_addr_t snd_pcm_sgbuf_get_addr ( struct snd_pcm_substream * substream , unsigned int ofs ) Get the DMA address at the corresponding offset""}","{""dma_map_sgtable"": 0.5449147522449493, ""dma_mmap_attrs"": 0.541512668132782, ""dma_map_sg_attrs"": 0.538043886423111, ""ib_map_mr_sg"": 0.5095668733119965, ""drm_gem_dma_mmap"": 0.5095296800136566, ""dma_pool_create_node"": 0.4980599284172058, ""ib_map_mr_sg_pi"": 0.4939171075820923, ""amdgpu_vm_update_range"": 0.4937483072280884, ""dma_buf_vmap"": 0.491527795791626, ""drm_gem_dma_vmap"": 0.49043357372283936, ""snd_dma_buffer_mmap"": 0.4827865958213806, ""drm_gem_dmabuf_mmap"": 0.4811285138130188, ""ib_umem_odp_map_dma_and_lock"": 0.4740496873855591, ""dmam_alloc_attrs"": 0.47238945960998535, ""drm_gem_ttm_vmap"": 0.47177696228027344, ""drm_gem_dmabuf_vmap"": 0.4668058753013611, ""device_iommu_mapped"": 0.4577592611312866, ""vm_map_ram"": 0.4571799039840698, ""dma_pool_alloc"": 0.45709723234176636, ""vm_unmap_ram"": 0.45691847801208496, ""drm_gem_dma_get_unmapped_area"": 0.45670801401138306, ""devm_memremap_pages"": 0.45570123195648193, ""drm_gem_shmem_mmap"": 0.4519362449645996, ""snd_dma_alloc_dir_pages"": 0.4480351209640503, ""drm_gem_dma_object_mmap"": 0.44758909940719604, ""usb_core_usb_alloc_coherent"": 0.447340726852417, ""dma_buf_vunmap"": 0.44590669870376587, ""drm_vma_node_unmap"": 0.4418383836746216, ""dma_buf_vmap_unlocked"": 0.4413435459136963, ""drm_gem_mmap_obj"": 0.44041407108306885, ""drm_gem_dmabuf_vunmap"": 0.44027626514434814, ""drm_gem_ttm_vunmap"": 0.4399082660675049, ""drm_client_buffer_vmap"": 0.4393365979194641, ""dma_need_unmap"": 0.43893957138061523, ""of_iomap"": 0.435724139213562, ""snd_dma_buffer_sync"": 0.43496453762054443, ""__skb_frag_dma_map"": 0.43482351303100586, ""drm_gem_map_attach"": 0.4343698024749756, ""dma_buf_unmap_attachment"": 0.4340022802352905, ""drm_gem_fb_vmap"": 0.43088388442993164, ""usb_core_usb_alloc_noncoherent"": 0.42945152521133423, ""drm_gem_map_detach"": 0.42938506603240967, ""drm_client_buffer_vmap_local"": 0.42930757999420166, ""rio_unmap_inb_region"": 0.428555965423584, ""dma_buf_attach"": 0.42838478088378906, ""dma_buf_put"": 0.4275475740432739, ""drm_gem_shmem_prime_import_no_map"": 0.42478668689727783, ""drm_gem_map_dma_buf"": 0.42426997423171997, ""free_dma"": 0.42371320724487305, ""drm_gem_mmap"": 0.42335575819015503, ""scsi_dma_unmap"": 0.42101025581359863, ""vm_iomap_memory"": 0.4209824800491333, ""drm_gem_unmap_dma_buf"": 0.4190988540649414, ""dma_fence_put"": 0.41758084297180176, ""dma_buf_is_dynamic"": 0.41732513904571533, ""drm_gem_shmem_object_mmap"": 0.41604119539260864, ""amdgpu_dma_buf_map"": 0.4148062467575073, ""dmam_pool_destroy"": 0.4140326976776123, ""scsi_dma_map"": 0.4111868143081665, ""snd_dma_alloc_pages_fallback"": 0.4111045002937317, ""dma_buf_vunmap_unlocked"": 0.4108588695526123, ""request_dma"": 0.41064947843551636, ""drm_gem_dma_create"": 0.40936076641082764, ""drm_gem_vram_vmap"": 0.40818333625793457, ""dmam_pool_create"": 0.40802955627441406, ""dma_can_mmap"": 0.4070727825164795, ""drm_gem_dma_prime_import_sg_table_vmap"": 0.40477246046066284, ""drm_gpuvm_resv_add_fence"": 0.40468448400497437, ""dma_buf_mmap"": 0.4040735960006714, ""drm_dev_set_dma_dev"": 0.40376389026641846, ""dmam_free_coherent"": 0.402011513710022, ""drm_client_buffer_vunmap"": 0.40198230743408203, ""snd_pcm_limit_isa_dma_size"": 0.39964723587036133, ""amdgpu_dma_buf_unmap"": 0.3983991742134094, ""amdgpu_dma_buf_move_notify"": 0.39626920223236084, ""drm_prime_sg_to_dma_addr_array"": 0.39610326290130615, ""dma_buf_unmap_attachment_unlocked"": 0.39563024044036865, ""snd_pcm_lib_mmap_iomem"": 0.39482349157333374, ""dma_buf_pin"": 0.39457160234451294, ""shmem_zero_setup"": 0.3937726616859436, ""vm_map_pages"": 0.39371246099472046, ""walk_iomem_res_desc"": 0.39187175035476685, ""drm_gpuvm_sm_map"": 0.39122480154037476, ""gen_pool_dma_alloc"": 0.3907870054244995, ""dma_fence_array_alloc"": 0.388796329498291, ""dma_fence_array_create"": 0.38794660568237305, ""drm_vma_offset_manager_init"": 0.3874698877334595, ""snd_dmaengine_pcm_refine_runtime_hwparams"": 0.387359082698822, ""do_mmap"": 0.3872423768043518, ""sg_dma_mark_bus_address"": 0.38723695278167725, ""vmap"": 0.3864617347717285, ""snd_pcm_set_managed_buffer_all"": 0.3859870433807373, ""unmap_mapping_range"": 0.3855162262916565, ""drm_gem_ttm_mmap"": 0.38457798957824707, ""drm_gem_prime_mmap"": 0.38447391986846924, ""snd_pcm_sgbuf_get_addr"": 0.38346993923187256}",,,
10d6bdf53290,"ata: pata_octeon_cf: Fix refcount leak in octeon_cf_probe

of_find_device_by_node() takes reference, we should use put_device()
to release it when not need anymore.
Add missing put_device() to avoid refcount leak.",,A call to of_find_device_by_node() that takes a reference to a device.,The reference must be released with put_device() when the device is no longer needed.,Function that acquires a reference to a device object,"The reference must be properly released with put_device() when the device is no longer needed, before all possible exit paths from the function.",completed,37,"[""get_device"", ""xe_pm_runtime_get_if_in_use"", ""dvb_device_get"", ""driver_find_device"", ""device_find_child"", ""iio_device_get"", ""iio_device_set_parent"", ""of_slim_get_device"", ""bus_find_device"", ""class_find_device"", ""backlight_device_get_by_name"", ""class_find_device_by_name"", ""of_device_is_available"", ""device_find_child_by_name"", ""driver_find_device_by_name"", ""bus_find_device_by_name"", ""device_for_each_child"", ""starget_for_each_device"", ""class_for_each_device"", ""class_find_device_by_fwnode"", ""put_device"", ""drm_syncobj_get"", ""of_get_parent"", ""nvmem_device_find"", ""driver_find_device_by_of_node"", ""of_platform_populate"", ""drm_mode_object_get"", ""slim_get_device"", ""usb_core_usb_for_each_dev"", ""netdev_get_by_index"", ""dmi_find_device"", ""xe_pm_runtime_get"", ""i3c_device_match_id"", ""pm_runtime_get_if_in_use"", ""class_find_device_by_of_node"", ""device_find_any_child"", ""__starget_for_each_device""]","{""get_device"": ""struct device * get_device ( struct device * dev ) increment reference count for device."", ""xe_pm_runtime_get_if_in_use"": ""bool xe_pm_runtime_get_if_in_use ( struct xe_device * xe ) Get a new reference if device is active with previous ref taken"", ""dvb_device_get"": ""struct dvb_device * dvb_device_get ( struct dvb_device * dvbdev ) Increase dvb_device reference"", ""driver_find_device"": ""struct device * driver_find_device ( const struct device_driver * drv , struct device * start , const void * data , device_match_t match ) device iterator for locating a particular device."", ""device_find_child"": ""struct device * device_find_child ( struct device * parent , const void * data , device_match_t match ) device iterator for locating a particular device."", ""iio_device_get"": ""struct iio_dev * iio_device_get ( struct iio_dev * indio_dev ) increment reference count for the device"", ""iio_device_set_parent"": ""void iio_device_set_parent ( struct iio_dev * indio_dev , struct device * parent ) assign parent device to the IIO device object"", ""of_slim_get_device"": ""struct slim_device * of_slim_get_device ( struct slim_controller * ctrl , struct device_node * np ) get handle to a device using dt node."", ""bus_find_device"": ""struct device * bus_find_device ( const struct bus_type * bus , struct device * start , const void * data , device_match_t match ) device iterator for locating a particular device."", ""class_find_device"": ""struct device * class_find_device ( const struct class * class , const struct device * start , const void * data , device_match_t match ) device iterator for locating a particular device"", ""backlight_device_get_by_name"": ""struct backlight_device * backlight_device_get_by_name ( const char * name ) Get backlight device by name"", ""class_find_device_by_name"": ""struct device * class_find_device_by_name ( const struct class * class , const char * name ) device iterator for locating a particular device of a specific name."", ""of_device_is_available"": ""bool of_device_is_available ( const struct device_node * device ) check if a device is available for use"", ""device_find_child_by_name"": ""struct device * device_find_child_by_name ( struct device * parent , const char * name ) device iterator for locating a child device."", ""driver_find_device_by_name"": ""struct device * driver_find_device_by_name ( const struct device_driver * drv , const char * name ) device iterator for locating a particular device of a specific name."", ""bus_find_device_by_name"": ""struct device * bus_find_device_by_name ( const struct bus_type * bus , struct device * start , const char * name ) device iterator for locating a particular device of a specific name."", ""device_for_each_child"": ""int device_for_each_child ( struct device * parent , void * data , device_iter_t fn ) device child iterator."", ""starget_for_each_device"": ""void starget_for_each_device ( struct scsi_target * starget , void * data , void ( * fn ) ( struct scsi_device * , void * ) ) helper to walk all devices of a target"", ""class_for_each_device"": ""int class_for_each_device ( const struct class * class , const struct device * start , void * data , device_iter_t fn ) device iterator"", ""class_find_device_by_fwnode"": ""struct device * class_find_device_by_fwnode ( const struct class * class , const struct fwnode_handle * fwnode ) device iterator for locating a particular device matching the fwnode."", ""put_device"": ""void put_device ( struct device * dev ) decrement reference count."", ""drm_syncobj_get"": ""void drm_syncobj_get ( struct drm_syncobj * obj ) acquire a syncobj reference"", ""of_get_parent"": ""struct device_node * of_get_parent ( const struct device_node * node ) Get a node\u2019s parent if any"", ""nvmem_device_find"": ""struct nvmem_device * nvmem_device_find ( void * data , int ( * match ) ( struct device * dev , const void * data ) ) Find nvmem device with matching function"", ""driver_find_device_by_of_node"": ""struct device * driver_find_device_by_of_node ( const struct device_driver * drv , const struct device_node * np ) device iterator for locating a particular device by of_node pointer."", ""of_platform_populate"": ""int of_platform_populate ( struct device_node * root , const struct of_device_id * matches , const struct of_dev_auxdata * lookup , struct device * parent ) Populate platform_devices from device tr..."", ""drm_mode_object_get"": ""void drm_mode_object_get ( struct drm_mode_object * obj ) acquire a mode object reference"", ""slim_get_device"": ""struct slim_device * slim_get_device ( struct slim_controller * ctrl , struct slim_eaddr * e_addr ) get handle to a device."", ""usb_core_usb_for_each_dev"": ""int usb_for_each_dev ( void * data , int ( * fn ) ( struct usb_device * , void * ) ) iterate over all USB devices in the system"", ""netdev_get_by_index"": ""struct net_device * netdev_get_by_index ( struct net * net , int ifindex , netdevice_tracker * tracker , gfp_t gfp ) find a device by its ifindex"", ""dmi_find_device"": ""const struct dmi_device * dmi_find_device ( int type , const char * name , const struct dmi_device * from ) find onboard device by type/name"", ""xe_pm_runtime_get"": ""void xe_pm_runtime_get ( struct xe_device * xe ) Get a runtime_pm reference and resume synchronously"", ""i3c_device_match_id"": ""const struct i3c_device_id * i3c_device_match_id ( struct i3c_device * i3cdev , const struct i3c_device_id * id_table ) Returns the i3c_device_id entry matching i3cdev"", ""pm_runtime_get_if_in_use"": ""int pm_runtime_get_if_in_use ( struct device * dev ) ;"", ""class_find_device_by_of_node"": ""struct device * class_find_device_by_of_node ( const struct class * class , const struct device_node * np ) device iterator for locating a particular device matching the of_node."", ""device_find_any_child"": ""struct device * device_find_any_child ( struct device * parent ) device iterator for locating a child device, if any."", ""__starget_for_each_device"": ""void __starget_for_each_device ( struct scsi_target * starget , void * data , void ( * fn ) ( struct scsi_device * , void * ) ) helper to walk all devices of a target (UNLOCKED)""}","{""get_device"": 0.4571629762649536, ""xe_pm_runtime_get_if_in_use"": 0.4434448480606079, ""dvb_device_get"": 0.4158352017402649, ""driver_find_device"": 0.41256773471832275, ""device_find_child"": 0.40855222940444946, ""iio_device_get"": 0.39995503425598145, ""iio_device_set_parent"": 0.3891115188598633, ""of_slim_get_device"": 0.384814977645874, ""bus_find_device"": 0.3839513063430786, ""class_find_device"": 0.38379400968551636, ""backlight_device_get_by_name"": 0.38141101598739624, ""class_find_device_by_name"": 0.3782416582107544, ""of_device_is_available"": 0.3767096996307373, ""device_find_child_by_name"": 0.3760472536087036, ""driver_find_device_by_name"": 0.37489163875579834, ""bus_find_device_by_name"": 0.37424296140670776, ""device_for_each_child"": 0.37327563762664795, ""starget_for_each_device"": 0.37253427505493164, ""class_for_each_device"": 0.3712007999420166, ""class_find_device_by_fwnode"": 0.3655480742454529, ""put_device"": 0.3653751611709595, ""drm_syncobj_get"": 0.3652772903442383, ""of_get_parent"": 0.3646731376647949, ""nvmem_device_find"": 0.3633369207382202, ""driver_find_device_by_of_node"": 0.36290282011032104, ""of_platform_populate"": 0.36261695623397827, ""drm_mode_object_get"": 0.3621537685394287, ""slim_get_device"": 0.36042118072509766, ""usb_core_usb_for_each_dev"": 0.3604099750518799, ""netdev_get_by_index"": 0.3589740991592407, ""dmi_find_device"": 0.3579177260398865, ""xe_pm_runtime_get"": 0.35669171810150146, ""i3c_device_match_id"": 0.3560507297515869, ""pm_runtime_get_if_in_use"": 0.35522860288619995, ""class_find_device_by_of_node"": 0.3540917634963989, ""device_find_any_child"": 0.35380876064300537, ""__starget_for_each_device"": 0.3500702381134033}",,,
2985b1844f3f,"PCI: Fix reset_method_store() memory leak

In reset_method_store(), a string is allocated via kstrndup() and assigned
to the local ""options"". options is then used in with strsep() to find
spaces:

  while ((name = strsep(&options, "" "")) != NULL) {

If there are no remaining spaces, then options is set to NULL by strsep(),
so the subsequent kfree(options) doesn't free the memory allocated via
kstrndup().

Fix by using a separate tmp_options to iterate with strsep() so options is
preserved.",,A string allocated via kstrndup and processed with strsep.,"The original allocated string must be preserved and freed, not the modified pointer from strsep.",function that processes an allocated string with a destructive parsing operation,"The original allocated string pointer must be preserved and freed, not the modified pointer from the parsing operation.",completed,2,"[""get_options"", ""kstrndup""]","{""get_options"": ""char * get_options ( const char * str , int nints , int * ints ) Parse a string into a list of integers"", ""kstrndup"": ""char * kstrndup ( const char * s , size_t max , gfp_t gfp ) allocate space for and copy an existing string""}","{""get_options"": 0.37343621253967285, ""kstrndup"": 0.35419994592666626}",,,
99ca0b57e49f,"thermal: intel: int340x: processor: Fix warning during module unload

The processor_thermal driver uses pcim_device_enable() to enable a PCI
device, which means the device will be automatically disabled on driver
detach.  Thus there is no need to call pci_disable_device() again on it.

With recent PCI device resource management improvements, e.g. commit
f748a07a0b64 (""PCI: Remove legacy pcim_release()""), this problem is
exposed and triggers the warining below.

 [  224.010735] proc_thermal_pci 0000:00:04.0: disabling already-disabled device
 [  224.010747] WARNING: CPU: 8 PID: 4442 at drivers/pci/pci.c:2250 pci_disable_device+0xe5/0x100
 ...
 [  224.010844] Call Trace:
 [  224.010845]  <TASK>
 [  224.010847]  ? show_regs+0x6d/0x80
 [  224.010851]  ? __warn+0x8c/0x140
 [  224.010854]  ? pci_disable_device+0xe5/0x100
 [  224.010856]  ? report_bug+0x1c9/0x1e0
 [  224.010859]  ? handle_bug+0x46/0x80
 [  224.010862]  ? exc_invalid_op+0x1d/0x80
 [  224.010863]  ? asm_exc_invalid_op+0x1f/0x30
 [  224.010867]  ? pci_disable_device+0xe5/0x100
 [  224.010869]  ? pci_disable_device+0xe5/0x100
 [  224.010871]  ? kfree+0x21a/0x2b0
 [  224.010873]  pcim_disable_device+0x20/0x30
 [  224.010875]  devm_action_release+0x16/0x20
 [  224.010878]  release_nodes+0x47/0xc0
 [  224.010880]  devres_release_all+0x9f/0xe0
 [  224.010883]  device_unbind_cleanup+0x12/0x80
 [  224.010885]  device_release_driver_internal+0x1ca/0x210
 [  224.010887]  driver_detach+0x4e/0xa0
 [  224.010889]  bus_remove_driver+0x6f/0xf0
 [  224.010890]  driver_unregister+0x35/0x60
 [  224.010892]  pci_unregister_driver+0x44/0x90
 [  224.010894]  proc_thermal_pci_driver_exit+0x14/0x5f0 [processor_thermal_device_pci]
 ...
 [  224.010921] ---[ end trace 0000000000000000 ]---

Remove the excess pci_disable_device() calls.

[ rjw: Subject and changelog edits ]",,A call to pcim_enable_device() for enabling a PCI device,The PCI device must not be disabled with pci_disable_device() if pcim_enable_device() was used for enabling it.,Function that enables a device using managed resources,The device must not be manually disabled if it was enabled using managed resource functions,completed,5,"[""pcim_enable_device"", ""platform_device_register_resndata"", ""zynqmp_disp_enable"", ""mei_cldev_enable"", ""backlight_enable""]","{""pcim_enable_device"": ""int pcim_enable_device ( struct pci_dev * pdev ) Managed pci_enable_device()"", ""platform_device_register_resndata"": ""struct platform_device * platform_device_register_resndata ( struct device * parent , const char * name , int id , const struct resource * res , unsigned int num , const void * data , size_t size )..."", ""zynqmp_disp_enable"": ""void zynqmp_disp_enable ( struct zynqmp_disp * disp ) Enable the display controller"", ""mei_cldev_enable"": ""int mei_cldev_enable ( struct mei_cl_device * cldev ) enable me client device create connection with me client"", ""backlight_enable"": ""int backlight_enable ( struct backlight_device * bd ) Enable backlight""}","{""pcim_enable_device"": 0.38249289989471436, ""platform_device_register_resndata"": 0.3630411624908447, ""zynqmp_disp_enable"": 0.3547624349594116, ""mei_cldev_enable"": 0.35126250982284546, ""backlight_enable"": 0.3511187434196472}",,,
42378a9ca553,"bpf, verifier: Fix memory leak in array reallocation for stack state

If an error (NULL) is returned by krealloc(), callers of realloc_array()
were setting their allocation pointers to NULL, but on error krealloc()
does not touch the original allocation. This would result in a memory
resource leak. Instead, free the old allocation on the error handling
path.

The memory leak information is as follows as also reported by Zhengchao:

  unreferenced object 0xffff888019801800 (size 256):
  comm ""bpf_repo"", pid 6490, jiffies 4294959200 (age 17.170s)
  hex dump (first 32 bytes):
    00 00 00 00 00 00 00 00 00 00 00 00 00 00 00 00  ................
    00 00 00 00 00 00 00 00 00 00 00 00 00 00 00 00  ................
  backtrace:
    [<00000000b211474b>] __kmalloc_node_track_caller+0x45/0xc0
    [<0000000086712a0b>] krealloc+0x83/0xd0
    [<00000000139aab02>] realloc_array+0x82/0xe2
    [<00000000b1ca41d1>] grow_stack_state+0xfb/0x186
    [<00000000cd6f36d2>] check_mem_access.cold+0x141/0x1341
    [<0000000081780455>] do_check_common+0x5358/0xb350
    [<0000000015f6b091>] bpf_check.cold+0xc3/0x29d
    [<000000002973c690>] bpf_prog_load+0x13db/0x2240
    [<00000000028d1644>] __sys_bpf+0x1605/0x4ce0
    [<00000000053f29bd>] __x64_sys_bpf+0x75/0xb0
    [<0000000056fedaf5>] do_syscall_64+0x35/0x80
    [<000000002bd58261>] entry_SYSCALL_64_after_hwframe+0x63/0xcd",,A call to krealloc_array for memory reallocation.,The original allocation must be freed with kfree if krealloc_array fails.,function that reallocates memory,"If the reallocation fails, the original allocation must be freed before returning.",completed,9,"[""krealloc"", ""kvrealloc"", ""mempool_create_node"", ""krealloc_array"", ""memblock_discard"", ""memcpy"", ""kstrndup"", ""devm_krealloc"", ""__next_mem_pfn_range_in_zone""]","{""krealloc"": ""void * krealloc ( const void * p , size_t new_size , gfp_t flags ) reallocate memory. The contents will remain unchanged."", ""kvrealloc"": ""void * kvrealloc ( const void * p , size_t size , gfp_t flags ) reallocate memory; contents remain unchanged"", ""mempool_create_node"": ""Description this function creates and allocates a guaranteed size, preallocated"", ""krealloc_array"": ""void * krealloc_array ( void * p , size_t new_n , size_t new_size , gfp_t flags ) reallocate memory for an array."", ""memblock_discard"": ""void memblock_discard ( void ) discard memory and reserved arrays if they were allocated"", ""memcpy"": ""void * memcpy ( void * dest , const void * src , size_t count ) Copy one area of memory to another"", ""kstrndup"": ""char * kstrndup ( const char * s , size_t max , gfp_t gfp ) allocate space for and copy an existing string"", ""devm_krealloc"": ""void * devm_krealloc ( struct device * dev , void * ptr , size_t new_size , gfp_t gfp ) Resource-managed krealloc()"", ""__next_mem_pfn_range_in_zone"": ""Description This function is meant to be a zone/pfn specific wrapper for the""}","{""krealloc"": 0.44757968187332153, ""kvrealloc"": 0.43261247873306274, ""mempool_create_node"": 0.4275807738304138, ""krealloc_array"": 0.39808446168899536, ""memblock_discard"": 0.3745572566986084, ""memcpy"": 0.3647451400756836, ""kstrndup"": 0.36364614963531494, ""devm_krealloc"": 0.35217636823654175, ""__next_mem_pfn_range_in_zone"": 0.35158395767211914}",,,
f89672cc3681,"remoteproc: Fix count check in rproc_coredump_write()

Check count for 0, to avoid a potential underflow. Make the check the
same as the one in rproc_recovery_write().",,A call to copy_from_user with a user-provided count parameter.,The count parameter must be checked to be greater than 0 and less than or equal to the size of the destination buffer.,function that copies user-provided data with a size parameter,The size parameter must be validated to be within valid bounds (greater than 0 and less than or equal to the destination buffer size) before performing the copy operation.,completed,59,"[""memdup_array_user"", ""vmemdup_array_user"", ""memdup_user"", ""vmemdup_user"", ""sg_copy_to_buffer"", ""sg_copy_from_buffer"", ""sg_copy_buffer"", ""simple_read_from_buffer"", ""match_strlcpy"", ""strndup_user"", ""simple_write_to_buffer"", ""V4L_write"", ""strlcat"", ""RC_write"", ""memdup_user_nul"", ""memcpy"", ""kstrndup"", ""sg_pcopy_from_buffer"", ""copy_from_user_nofault"", ""sg_pcopy_to_buffer"", ""copy_to_user_nofault"", ""kstrdup"", ""copy_to_user_fromio"", ""memcpy_and_pad"", ""DTV_dmx_write"", ""v4l2_rect_set_size_to"", ""edd_show_raw_data"", ""RC_read"", ""V4L_read"", ""DTV_dmx_read"", ""copy_from_user_toio"", ""folio_fill_tail"", ""kmemdup"", ""dtv_legacy_video_write"", ""xdr_stream_decode_string_dup"", ""devcd_read_from_sgtable"", ""dvb_usercopy"", ""drm_property_replace_blob_from_id"", ""memcpy_from_file_folio"", ""v4l2_rect_set_max_size"", ""_copy_from_pages"", ""append_oa_sample"", ""strncmp"", ""drm_format_info_plane_width"", ""drm_fb_memcpy"", ""kmem_cache_create_usercopy"", ""skb_copy_expand"", ""sk_user_data_is_nocopy"", ""v4l2_rect_set_min_size"", ""devm_kstrdup"", ""bpf"", ""size_mul"", ""string_get_size"", ""drm_color_lut_size"", ""strncpy"", ""dev_coredumpm"", ""mei_cldev_send"", ""memmove"", ""copy_to_iter_fromio""]","{""memdup_array_user"": ""void * memdup_array_user ( const void __user * src , size_t n , size_t size ) duplicate array from user space"", ""vmemdup_array_user"": ""void * vmemdup_array_user ( const void __user * src , size_t n , size_t size ) duplicate array from user space"", ""memdup_user"": ""void * memdup_user ( const void __user * src , size_t len ) duplicate memory region from user space"", ""vmemdup_user"": ""void * vmemdup_user ( const void __user * src , size_t len ) duplicate memory region from user space"", ""sg_copy_to_buffer"": ""size_t sg_copy_to_buffer ( struct scatterlist * sgl , unsigned int nents , void * buf , size_t buflen ) Copy from an SG list to a linear buffer"", ""sg_copy_from_buffer"": ""size_t sg_copy_from_buffer ( struct scatterlist * sgl , unsigned int nents , const void * buf , size_t buflen ) Copy from a linear buffer to an SG list"", ""sg_copy_buffer"": ""size_t sg_copy_buffer ( struct scatterlist * sgl , unsigned int nents , void * buf , size_t buflen , off_t skip , bool to_buffer ) Copy data between a linear buffer and an SG list"", ""simple_read_from_buffer"": ""ssize_t simple_read_from_buffer ( void __user * to , size_t count , loff_t * ppos , const void * from , size_t available ) copy data from the buffer to user space"", ""match_strlcpy"": ""size_t match_strlcpy ( char * dest , const substring_t * src , size_t size ) Copy the characters from a substring_t to a sized buffer"", ""strndup_user"": ""char * strndup_user ( const char __user * s , long n ) duplicate an existing string from user space"", ""simple_write_to_buffer"": ""ssize_t simple_write_to_buffer ( void * to , size_t available , loff_t * ppos , const void __user * from , size_t count ) copy data from user space to the buffer"", ""V4L_write"": ""ssize_t write ( int fd , void * buf , size_t count )"", ""strlcat"": ""size_t strlcat ( char * const p , const char * const q , size_t avail ) Append a string to an existing string"", ""RC_write"": ""ssize_t write ( int fd , void * buf , size_t count )"", ""memdup_user_nul"": ""void * memdup_user_nul ( const void __user * src , size_t len ) duplicate memory region from user space and NUL-terminate"", ""memcpy"": ""void * memcpy ( void * dest , const void * src , size_t count ) Copy one area of memory to another"", ""kstrndup"": ""char * kstrndup ( const char * s , size_t max , gfp_t gfp ) allocate space for and copy an existing string"", ""sg_pcopy_from_buffer"": ""size_t sg_pcopy_from_buffer ( struct scatterlist * sgl , unsigned int nents , const void * buf , size_t buflen , off_t skip ) Copy from a linear buffer to an SG list"", ""copy_from_user_nofault"": ""long copy_from_user_nofault ( void * dst , const void __user * src , size_t size ) safely attempt to read from a user-space location"", ""sg_pcopy_to_buffer"": ""size_t sg_pcopy_to_buffer ( struct scatterlist * sgl , unsigned int nents , void * buf , size_t buflen , off_t skip ) Copy from an SG list to a linear buffer"", ""copy_to_user_nofault"": ""long copy_to_user_nofault ( void __user * dst , const void * src , size_t size ) safely attempt to write to a user-space location"", ""kstrdup"": ""char * kstrdup ( const char * s , gfp_t gfp ) allocate space for and copy an existing string"", ""copy_to_user_fromio"": ""int copy_to_user_fromio ( void __user * dst , volatile const void __iomem * src , size_t count ) copy data from mmio-space to user-space"", ""memcpy_and_pad"": ""void memcpy_and_pad ( void * dest , size_t dest_len , const void * src , size_t count , int pad ) Copy one buffer to another with padding"", ""DTV_dmx_write"": ""ssize_t write ( int fd , const void * buf , size_t count )"", ""v4l2_rect_set_size_to"": ""void v4l2_rect_set_size_to ( struct v4l2_rect * r , const struct v4l2_rect * size ) copy the width/height values."", ""edd_show_raw_data"": ""ssize_t edd_show_raw_data ( struct edd_device * edev , char * buf ) copies raw data to buffer for userspace to parse"", ""RC_read"": ""ssize_t read ( int fd , void * buf , size_t count )"", ""V4L_read"": ""ssize_t read ( int fd , void * buf , size_t count )"", ""DTV_dmx_read"": ""size_t read ( int fd , void * buf , size_t count )"", ""copy_from_user_toio"": ""int copy_from_user_toio ( volatile void __iomem * dst , const void __user * src , size_t count ) copy data from user-space to mmio-space"", ""folio_fill_tail"": ""void folio_fill_tail ( struct folio * folio , size_t offset , const char * from , size_t len ) Copy some data to a folio and pad with zeroes."", ""kmemdup"": ""void * kmemdup ( const void * src , size_t len , gfp_t gfp ) duplicate region of memory"", ""dtv_legacy_video_write"": ""size_t write ( int fd , const void * buf , size_t count )"", ""xdr_stream_decode_string_dup"": ""ssize_t xdr_stream_decode_string_dup ( struct xdr_stream * xdr , char * * str , size_t maxlen , gfp_t gfp_flags ) Decode and duplicate variable length string"", ""devcd_read_from_sgtable"": ""ssize_t devcd_read_from_sgtable ( char * buffer , loff_t offset , size_t buf_len , void * data , size_t data_len ) copy data from sg_table to a given buffer and return the number of bytes read"", ""dvb_usercopy"": ""int dvb_usercopy ( struct file * file , unsigned int cmd , unsigned long arg , int ( * func ) ( struct file * file , unsigned int cmd , void * arg ) ) copies data from/to userspace memory when an i..."", ""drm_property_replace_blob_from_id"": ""int drm_property_replace_blob_from_id ( struct drm_device * dev , struct drm_property_blob * * blob , uint64_t blob_id , ssize_t expected_size , ssize_t expected_elem_size , bool * replaced ) repla..."", ""memcpy_from_file_folio"": ""size_t memcpy_from_file_folio ( char * to , struct folio * folio , loff_t pos , size_t len ) Copy some bytes from a file folio."", ""v4l2_rect_set_max_size"": ""void v4l2_rect_set_max_size ( struct v4l2_rect * r , const struct v4l2_rect * max_size ) width and height of r should be <= max_size"", ""_copy_from_pages"": ""void _copy_from_pages ( char * p , struct page * * pages , size_t pgbase , size_t len ) Parameters"", ""append_oa_sample"": ""int append_oa_sample ( struct i915_perf_stream * stream , char __user * buf , size_t count , size_t * offset , const u8 * report ) Copies single OA report into userspace read() buffer."", ""strncmp"": ""int strncmp ( const char * cs , const char * ct , size_t count ) Compare two length-limited strings"", ""drm_format_info_plane_width"": ""int drm_format_info_plane_width ( const struct drm_format_info * info , int width , int plane ) width of the plane given the first plane"", ""drm_fb_memcpy"": ""void drm_fb_memcpy ( struct iosys_map * dst , const unsigned int * dst_pitch , const struct iosys_map * src , const struct drm_framebuffer * fb , const struct drm_rect * clip ) Copy clip buffer"", ""kmem_cache_create_usercopy"": ""struct kmem_cache * kmem_cache_create_usercopy ( const char * name , unsigned int size , unsigned int align , slab_flags_t flags , unsigned int useroffset , unsigned int usersize , void ( * ctor ) ..."", ""skb_copy_expand"": ""struct sk_buff * skb_copy_expand ( const struct sk_buff * skb , int newheadroom , int newtailroom , gfp_t gfp_mask ) copy and expand sk_buff"", ""sk_user_data_is_nocopy"": ""bool sk_user_data_is_nocopy ( const struct sock * sk ) Test if sk_user_data pointer must not be copied"", ""v4l2_rect_set_min_size"": ""void v4l2_rect_set_min_size ( struct v4l2_rect * r , const struct v4l2_rect * min_size ) width and height of r should be >= min_size."", ""devm_kstrdup"": ""char * devm_kstrdup ( struct device * dev , const char * s , gfp_t gfp ) Allocate resource managed space and copy an existing string into that."", ""bpf"": ""int bpf ( int command , union bpf_attr * attr , u32 size )"", ""size_mul"": ""size_t size_mul ( size_t factor1 , size_t factor2 ) Calculate size_t multiplication with saturation at SIZE_MAX"", ""string_get_size"": ""int string_get_size ( u64 size , u64 blk_size , const enum string_size_units units , char * buf , int len ) get the size in the specified units"", ""drm_color_lut_size"": ""int drm_color_lut_size ( const struct drm_property_blob * blob ) calculate the number of entries in the LUT"", ""strncpy"": ""char * strncpy ( char * const p , const char * q , __kernel_size_t size ) Copy a string to memory with non-guaranteed NUL padding"", ""dev_coredumpm"": ""void dev_coredumpm ( struct device * dev , struct module * owner , void * data , size_t datalen , gfp_t gfp , ssize_t ( * read ) ( char * buffer , loff_t offset , size_t count , void * data , size_..."", ""mei_cldev_send"": ""ssize_t mei_cldev_send ( struct mei_cl_device * cldev , const u8 * buf , size_t length ) me device send (write)"", ""memmove"": ""void * memmove ( void * dest , const void * src , size_t count ) Copy one area of memory to another"", ""copy_to_iter_fromio"": ""size_t copy_to_iter_fromio ( const void __iomem * src , size_t count , struct iov_iter * dst ) copy data from mmio-space to iov_iter""}","{""memdup_array_user"": 0.5662200450897217, ""vmemdup_array_user"": 0.5375312566757202, ""memdup_user"": 0.49176615476608276, ""vmemdup_user"": 0.4690587520599365, ""sg_copy_to_buffer"": 0.4595377445220947, ""sg_copy_from_buffer"": 0.45680081844329834, ""sg_copy_buffer"": 0.45465385913848877, ""simple_read_from_buffer"": 0.4536478519439697, ""match_strlcpy"": 0.45355892181396484, ""strndup_user"": 0.4499831795692444, ""simple_write_to_buffer"": 0.44904422760009766, ""V4L_write"": 0.4446216821670532, ""strlcat"": 0.44348251819610596, ""RC_write"": 0.44049251079559326, ""memdup_user_nul"": 0.4396446943283081, ""memcpy"": 0.43449950218200684, ""kstrndup"": 0.43406081199645996, ""sg_pcopy_from_buffer"": 0.43068063259124756, ""copy_from_user_nofault"": 0.42957329750061035, ""sg_pcopy_to_buffer"": 0.427024245262146, ""copy_to_user_nofault"": 0.4244875907897949, ""kstrdup"": 0.4244433045387268, ""copy_to_user_fromio"": 0.4237922430038452, ""memcpy_and_pad"": 0.42364734411239624, ""DTV_dmx_write"": 0.42297303676605225, ""v4l2_rect_set_size_to"": 0.4144361615180969, ""edd_show_raw_data"": 0.4116861820220947, ""RC_read"": 0.4056698679924011, ""V4L_read"": 0.4042547941207886, ""DTV_dmx_read"": 0.40261685848236084, ""copy_from_user_toio"": 0.4019538164138794, ""folio_fill_tail"": 0.398551344871521, ""kmemdup"": 0.39805418252944946, ""dtv_legacy_video_write"": 0.3978268504142761, ""xdr_stream_decode_string_dup"": 0.39606547355651855, ""devcd_read_from_sgtable"": 0.3954390287399292, ""dvb_usercopy"": 0.3940016031265259, ""drm_property_replace_blob_from_id"": 0.3902270197868347, ""memcpy_from_file_folio"": 0.38658690452575684, ""v4l2_rect_set_max_size"": 0.3836368918418884, ""_copy_from_pages"": 0.3788493871688843, ""append_oa_sample"": 0.37772345542907715, ""strncmp"": 0.3735891580581665, ""drm_format_info_plane_width"": 0.37310874462127686, ""drm_fb_memcpy"": 0.3696606159210205, ""kmem_cache_create_usercopy"": 0.36965519189834595, ""skb_copy_expand"": 0.3696431517601013, ""sk_user_data_is_nocopy"": 0.3695417046546936, ""v4l2_rect_set_min_size"": 0.36922216415405273, ""devm_kstrdup"": 0.3675544261932373, ""bpf"": 0.3621422052383423, ""size_mul"": 0.35964930057525635, ""string_get_size"": 0.35961610078811646, ""drm_color_lut_size"": 0.3589327335357666, ""strncpy"": 0.35891449451446533, ""dev_coredumpm"": 0.358217716217041, ""mei_cldev_send"": 0.3554091453552246, ""memmove"": 0.3547797203063965, ""copy_to_iter_fromio"": 0.35260331630706787}",,,
f0a4bc38a12f,"phy: qcom-qmp: fix struct clk leak on probe errors

Make sure to release the pipe clock reference in case of a late probe
error (e.g. probe deferral).",,A call to of_clk_get_by_name that acquires a clock reference,The clock reference must be automatically released on probe errors by using devm_get_clk_from_child instead of of_clk_get_by_name,function that Acquires a resource that requires manual cleanup in probe functions,The resource acquisition should use device-managed variants to ensure automatic cleanup on probe failure,completed,0,[],{},{},2369,174,2543
c158cf914713,"ALSA: hda: intel-sdw-acpi: fix usage of device_get_named_child_node()

The documentation for device_get_named_child_node() mentions this
important point:

""
The caller is responsible for calling fwnode_handle_put() on the
returned fwnode pointer.
""

Add fwnode_handle_put() to avoid a leaked reference.

Message-ID: <20240426152731.38420-1-pierre-louis.bossart@linux.intel.com>",,A call to fwnode_get_named_child_node(),The returned fwnode handle must be released with fwnode_handle_put().,Function that acquires a reference to a firmware node,The acquired reference must be released with the corresponding put function when no longer needed.,completed,57,"[""gpio_device_find_by_fwnode"", ""request_firmware_nowait"", ""request_firmware_direct"", ""of_node_get"", ""of_fpga_mgr_get"", ""of_graph_get_remote_endpoint"", ""firmware_request_nowarn"", ""firmware_request_platform"", ""firmware_fallback_sysfs"", ""set_secondary_fwnode"", ""of_property_read_variable_u8_array"", ""request_firmware"", ""sfp_bus_find_fwnode"", ""of_graph_get_remote_port"", ""set_primary_fwnode"", ""device_set_of_node_from_dev"", ""fwnode_gpiod_get_index"", ""of_property_read_variable_u64_array"", ""of_graph_get_remote_node"", ""request_firmware_into_buf"", ""fwnode_get_mac_address"", ""intel_uncore_forcewake_get"", ""of_device_is_system_power_controller"", ""of_property_read_variable_u32_array"", ""fwnode_get_phy_node"", ""xe_pm_runtime_get_if_in_use"", ""of_property_read_variable_u16_array"", ""driver_find_device_by_of_node"", ""devm_fwnode_pwm_get"", ""of_get_parent"", ""of_irq_get_byname"", ""of_graph_get_remote_port_parent"", ""tipc_node_crypto_rx"", ""firmware_request_cache"", ""of_get_available_child_by_name"", ""of_device_is_available"", ""of_fpga_bridge_get_to_list"", ""gpio_device_get"", ""of_slim_get_device"", ""__ssam_register_clients"", ""of_get_child_by_name"", ""of_map_id"", ""of_find_node_by_type"", ""drm_mode_object_get"", ""of_graph_get_endpoint_by_regs"", ""devm_fwnode_gpiod_get_index"", ""firmware_upload_register"", ""of_find_matching_node_and_match"", ""of_drm_find_bridge"", ""of_find_node_by_name"", ""fwnode_phy_find_device"", ""drm_syncobj_get"", ""firmware_upload_unregister"", ""xe_pm_runtime_resume_and_get"", ""of_graph_is_present"", ""usb_core_usb_find_common_endpoints_reverse"", ""__starget_for_each_device""]","{""gpio_device_find_by_fwnode"": ""struct gpio_device * gpio_device_find_by_fwnode ( const struct fwnode_handle * fwnode ) wrapper around gpio_device_find() finding the GPIO device by its fwnode"", ""request_firmware_nowait"": ""int request_firmware_nowait ( struct module * module , bool uevent , const char * name , struct device * device , gfp_t gfp , void * context , void ( * cont ) ( const struct firmware * fw , void * ..."", ""request_firmware_direct"": ""int request_firmware_direct ( const struct firmware * * firmware_p , const char * name , struct device * device ) load firmware directly without usermode helper"", ""of_node_get"": ""struct device_node * of_node_get ( struct device_node * node ) Increment refcount of a node"", ""of_fpga_mgr_get"": ""struct fpga_manager * of_fpga_mgr_get ( struct device_node * node ) Given a device node, get a reference to an fpga mgr."", ""of_graph_get_remote_endpoint"": ""struct device_node * of_graph_get_remote_endpoint ( const struct device_node * node ) get remote endpoint node"", ""firmware_request_nowarn"": ""int firmware_request_nowarn ( const struct firmware * * firmware , const char * name , struct device * device ) request for an optional fw module"", ""firmware_request_platform"": ""int firmware_request_platform ( const struct firmware * * firmware , const char * name , struct device * device ) request firmware with platform-fw fallback"", ""firmware_fallback_sysfs"": ""int firmware_fallback_sysfs ( struct firmware * fw , const char * name , struct device * device , u32 opt_flags , int ret ) use the fallback mechanism to find firmware"", ""set_secondary_fwnode"": ""void set_secondary_fwnode ( struct device * dev , struct fwnode_handle * fwnode ) Change the secondary firmware node of a given device."", ""of_property_read_variable_u8_array"": ""Description Search for a property in a device node and read 8-bit value(s) from"", ""request_firmware"": ""int request_firmware ( const struct firmware * * firmware_p , const char * name , struct device * device ) send firmware request and wait for it"", ""sfp_bus_find_fwnode"": ""struct sfp_bus * sfp_bus_find_fwnode ( const struct fwnode_handle * fwnode ) parse and locate the SFP bus from fwnode"", ""of_graph_get_remote_port"": ""struct device_node * of_graph_get_remote_port ( const struct device_node * node ) get remote port node"", ""set_primary_fwnode"": ""void set_primary_fwnode ( struct device * dev , struct fwnode_handle * fwnode ) Change the primary firmware node of a given device."", ""device_set_of_node_from_dev"": ""void device_set_of_node_from_dev ( struct device * dev , const struct device * dev2 ) reuse device-tree node of another device"", ""fwnode_gpiod_get_index"": ""struct gpio_desc * fwnode_gpiod_get_index ( struct fwnode_handle * fwnode , const char * con_id , int index , enum gpiod_flags flags , const char * label ) obtain a GPIO from firmware node"", ""of_property_read_variable_u64_array"": ""Description Search for a property in a device node and read 64-bit value(s) from"", ""of_graph_get_remote_node"": ""struct device_node * of_graph_get_remote_node ( const struct device_node * node , u32 port , u32 endpoint ) get remote parent device_node for given port/endpoint"", ""request_firmware_into_buf"": ""int request_firmware_into_buf ( const struct firmware * * firmware_p , const char * name , struct device * device , void * buf , size_t size ) load firmware into a previously allocated buffer"", ""fwnode_get_mac_address"": ""int fwnode_get_mac_address ( struct fwnode_handle * fwnode , char * addr ) Get the MAC from the firmware node"", ""intel_uncore_forcewake_get"": ""void intel_uncore_forcewake_get ( struct intel_uncore * uncore , enum forcewake_domains fw_domains ) grab forcewake domain references"", ""of_device_is_system_power_controller"": ""bool of_device_is_system_power_controller ( const struct device_node * np ) Tells if system-power-controller is found for device_node"", ""of_property_read_variable_u32_array"": ""Description Search for a property in a device node and read 32-bit value(s) from"", ""fwnode_get_phy_node"": ""struct fwnode_handle * fwnode_get_phy_node ( const struct fwnode_handle * fwnode ) Get the phy_node using the named reference."", ""xe_pm_runtime_get_if_in_use"": ""bool xe_pm_runtime_get_if_in_use ( struct xe_device * xe ) Get a new reference if device is active with previous ref taken"", ""of_property_read_variable_u16_array"": ""Description Search for a property in a device node and read 16-bit value(s) from"", ""driver_find_device_by_of_node"": ""struct device * driver_find_device_by_of_node ( const struct device_driver * drv , const struct device_node * np ) device iterator for locating a particular device by of_node pointer."", ""devm_fwnode_pwm_get"": ""struct pwm_device * devm_fwnode_pwm_get ( struct device * dev , struct fwnode_handle * fwnode , const char * con_id ) request a resource managed PWM from firmware node"", ""of_get_parent"": ""struct device_node * of_get_parent ( const struct device_node * node ) Get a node\u2019s parent if any"", ""of_irq_get_byname"": ""int of_irq_get_byname ( struct device_node * dev , const char * name ) Decode a node\u2019s IRQ and return it as a Linux IRQ number"", ""of_graph_get_remote_port_parent"": ""struct device_node * of_graph_get_remote_port_parent ( const struct device_node * node ) get remote port\u2019s parent node"", ""tipc_node_crypto_rx"": ""struct tipc_crypto * tipc_node_crypto_rx ( struct tipc_node * __n ) Retrieve crypto RX handle from node"", ""firmware_request_cache"": ""int firmware_request_cache ( struct device * device , const char * name ) cache firmware for suspend so resume can use it"", ""of_get_available_child_by_name"": ""struct device_node * of_get_available_child_by_name ( const struct device_node * node , const char * name ) Find the available child node by name for a given parent"", ""of_device_is_available"": ""bool of_device_is_available ( const struct device_node * device ) check if a device is available for use"", ""of_fpga_bridge_get_to_list"": ""int of_fpga_bridge_get_to_list ( struct device_node * np , struct fpga_image_info * info , struct list_head * bridge_list ) get a bridge, add it to a list"", ""gpio_device_get"": ""struct gpio_device * gpio_device_get ( struct gpio_device * gdev ) Increase the reference count of this GPIO device"", ""of_slim_get_device"": ""struct slim_device * of_slim_get_device ( struct slim_controller * ctrl , struct device_node * np ) get handle to a device using dt node."", ""__ssam_register_clients"": ""int __ssam_register_clients ( struct device * parent , struct ssam_controller * ctrl , struct fwnode_handle * node ) Register client devices defined under the given firmware node as children of the..."", ""of_get_child_by_name"": ""struct device_node * of_get_child_by_name ( const struct device_node * node , const char * name ) Find the child node by name for a given parent"", ""of_map_id"": ""Description Given a device ID, look up the appropriate implementation-defined"", ""of_find_node_by_type"": ""struct device_node * of_find_node_by_type ( struct device_node * from , const char * type ) Find a node by its \u201cdevice_type\u201d property"", ""drm_mode_object_get"": ""void drm_mode_object_get ( struct drm_mode_object * obj ) acquire a mode object reference"", ""of_graph_get_endpoint_by_regs"": ""struct device_node * of_graph_get_endpoint_by_regs ( const struct device_node * parent , int port_reg , int reg ) get endpoint node of specific identifiers"", ""devm_fwnode_gpiod_get_index"": ""struct gpio_desc * devm_fwnode_gpiod_get_index ( struct device * dev , struct fwnode_handle * fwnode , const char * con_id , int index , enum gpiod_flags flags , const char * label ) get a GPIO des..."", ""firmware_upload_register"": ""struct fw_upload * firmware_upload_register ( struct module * module , struct device * parent , const char * name , const struct fw_upload_ops * ops , void * dd_handle ) register for the firmware u..."", ""of_find_matching_node_and_match"": ""struct device_node * of_find_matching_node_and_match ( struct device_node * from , const struct of_device_id * matches , const struct of_device_id * * match ) Find a node based on an of_device_id m..."", ""of_drm_find_bridge"": ""struct drm_bridge * of_drm_find_bridge ( struct device_node * np ) find the bridge corresponding to the device node in the global bridge list"", ""of_find_node_by_name"": ""struct device_node * of_find_node_by_name ( struct device_node * from , const char * name ) Find a node by its \u201cname\u201d property"", ""fwnode_phy_find_device"": ""struct phy_device * fwnode_phy_find_device ( struct fwnode_handle * phy_fwnode ) For provided phy_fwnode, find phy_device."", ""drm_syncobj_get"": ""void drm_syncobj_get ( struct drm_syncobj * obj ) acquire a syncobj reference"", ""firmware_upload_unregister"": ""void firmware_upload_unregister ( struct fw_upload * fw_upload ) Unregister firmware upload interface"", ""xe_pm_runtime_resume_and_get"": ""bool xe_pm_runtime_resume_and_get ( struct xe_device * xe ) Resume, then get a runtime_pm ref if awake."", ""of_graph_is_present"": ""bool of_graph_is_present ( const struct device_node * node ) check graph\u2019s presence"", ""usb_core_usb_find_common_endpoints_reverse"": ""int usb_find_common_endpoints_reverse ( struct usb_host_interface * alt , struct usb_endpoint_descriptor * * bulk_in , struct usb_endpoint_descriptor * * bulk_out , struct usb_endpoint_descriptor *..."", ""__starget_for_each_device"": ""void __starget_for_each_device ( struct scsi_target * starget , void * data , void ( * fn ) ( struct scsi_device * , void * ) ) helper to walk all devices of a target (UNLOCKED)""}","{""gpio_device_find_by_fwnode"": 0.48921048641204834, ""request_firmware_nowait"": 0.4775373339653015, ""request_firmware_direct"": 0.4659414291381836, ""of_node_get"": 0.4526458978652954, ""of_fpga_mgr_get"": 0.44473862648010254, ""of_graph_get_remote_endpoint"": 0.43610095977783203, ""firmware_request_nowarn"": 0.4353981018066406, ""firmware_request_platform"": 0.4351746439933777, ""firmware_fallback_sysfs"": 0.4302788972854614, ""set_secondary_fwnode"": 0.4290536642074585, ""of_property_read_variable_u8_array"": 0.4289731979370117, ""request_firmware"": 0.42616593837738037, ""sfp_bus_find_fwnode"": 0.42366284132003784, ""of_graph_get_remote_port"": 0.4208943843841553, ""set_primary_fwnode"": 0.42083847522735596, ""device_set_of_node_from_dev"": 0.42036712169647217, ""fwnode_gpiod_get_index"": 0.412808895111084, ""of_property_read_variable_u64_array"": 0.41248929500579834, ""of_graph_get_remote_node"": 0.4116487503051758, ""request_firmware_into_buf"": 0.4100126028060913, ""fwnode_get_mac_address"": 0.407343327999115, ""intel_uncore_forcewake_get"": 0.3995310068130493, ""of_device_is_system_power_controller"": 0.39701008796691895, ""of_property_read_variable_u32_array"": 0.3960855007171631, ""fwnode_get_phy_node"": 0.3926440477371216, ""xe_pm_runtime_get_if_in_use"": 0.391565203666687, ""of_property_read_variable_u16_array"": 0.3913525938987732, ""driver_find_device_by_of_node"": 0.3846888542175293, ""devm_fwnode_pwm_get"": 0.38458406925201416, ""of_get_parent"": 0.38159966468811035, ""of_irq_get_byname"": 0.3801513910293579, ""of_graph_get_remote_port_parent"": 0.37928199768066406, ""tipc_node_crypto_rx"": 0.37843191623687744, ""firmware_request_cache"": 0.3781780004501343, ""of_get_available_child_by_name"": 0.37689316272735596, ""of_device_is_available"": 0.37616729736328125, ""of_fpga_bridge_get_to_list"": 0.3716397285461426, ""gpio_device_get"": 0.37042534351348877, ""of_slim_get_device"": 0.36808502674102783, ""__ssam_register_clients"": 0.3675864338874817, ""of_get_child_by_name"": 0.36572062969207764, ""of_map_id"": 0.3655604124069214, ""of_find_node_by_type"": 0.36489343643188477, ""drm_mode_object_get"": 0.36370742321014404, ""of_graph_get_endpoint_by_regs"": 0.3632814884185791, ""devm_fwnode_gpiod_get_index"": 0.3609238862991333, ""firmware_upload_register"": 0.36079031229019165, ""of_find_matching_node_and_match"": 0.3593125343322754, ""of_drm_find_bridge"": 0.3583033084869385, ""of_find_node_by_name"": 0.35802900791168213, ""fwnode_phy_find_device"": 0.35591304302215576, ""drm_syncobj_get"": 0.3544158935546875, ""firmware_upload_unregister"": 0.35355615615844727, ""xe_pm_runtime_resume_and_get"": 0.35350269079208374, ""of_graph_is_present"": 0.3523050546646118, ""usb_core_usb_find_common_endpoints_reverse"": 0.3514519929885864, ""__starget_for_each_device"": 0.3502916693687439}",,,
